{"cameraMode":{"drawMode":0,"name":"Shaded","section":"Shading Mode"},"sceneLighting":false,"audioPlay":false,"sceneViewState":{"showFog":true,"showMaterialUpdate":false,"showSkybox":false,"showFlares":true,"showImageEffects":true,"showParticleSystems":true},"in2DMode":false,"pivot":{"x":0.09456745535135269,"y":1.9177807569503785,"z":-4.806838035583496},"rotation":{"x":-0.015004956163465977,"y":-0.022498372942209245,"z":0.00034268153831362724,"w":-0.9996508955955505},"size":4.550024032592773,"orthographic":false}