{"cameraMode":{"drawMode":0,"name":"Shaded","section":"Shading Mode"},"sceneLighting":true,"audioPlay":false,"sceneViewState":{"showFog":true,"showMaterialUpdate":false,"showSkybox":true,"showFlares":true,"showImageEffects":true,"showParticleSystems":true},"in2DMode":false,"pivot":{"x":390.9753112792969,"y":237.09219360351563,"z":68.34761047363281},"rotation":{"x":-0.08834683150053024,"y":0.03286321088671684,"z":-0.002912450348958373,"w":-0.9955559968948364},"size":474.5213623046875,"orthographic":false}