{"cameraMode":{"drawMode":0,"name":"Shaded","section":"Shading Mode"},"sceneLighting":true,"audioPlay":false,"sceneViewState":{"showFog":true,"showMaterialUpdate":false,"showSkybox":true,"showFlares":true,"showImageEffects":true,"showParticleSystems":true},"in2DMode":false,"pivot":{"x":206.32806396484376,"y":176.41209411621095,"z":-1.0737245082855225},"rotation":{"x":0.0038898512721061708,"y":0.021296745166182519,"z":0.00005862867328687571,"w":-0.9997880458831787},"size":411.89453125,"orthographic":false}