{"cameraMode":{"drawMode":0,"name":"Shaded","section":"Shading Mode"},"sceneLighting":true,"audioPlay":false,"sceneViewState":{"showFog":true,"showMaterialUpdate":false,"showSkybox":true,"showFlares":true,"showImageEffects":true,"showParticleSystems":true},"in2DMode":false,"pivot":{"x":292.32745361328127,"y":270.97064208984377,"z":15.776520729064942},"rotation":{"x":-0.09196199476718903,"y":-0.02061532624065876,"z":0.0018844094593077899,"w":-0.9955676198005676},"size":353.81036376953127,"orthographic":false}