{"cameraMode":{"drawMode":0,"name":"Shaded","section":"Shading Mode"},"sceneLighting":false,"audioPlay":false,"sceneViewState":{"showFog":true,"showMaterialUpdate":false,"showSkybox":false,"showFlares":true,"showImageEffects":true,"showParticleSystems":true},"in2DMode":false,"pivot":{"x":-4.468634128570557,"y":-3.426170825958252,"z":-2.4813623428344728},"rotation":{"x":-0.09196199476718903,"y":-0.02061532624065876,"z":0.0018844094593077899,"w":-0.9955676198005676},"size":0.816374659538269,"orthographic":false}