{"cameraMode":{"drawMode":0,"name":"Shaded","section":"Shading Mode"},"sceneLighting":false,"audioPlay":false,"sceneViewState":{"showFog":true,"showMaterialUpdate":false,"showSkybox":false,"showFlares":true,"showImageEffects":true,"showParticleSystems":true},"in2DMode":false,"pivot":{"x":1.086037516593933,"y":-0.06631040573120117,"z":1.5632810592651368},"rotation":{"x":-0.04972848296165466,"y":-0.26609644293785097,"z":0.013724992983043194,"w":-0.9625869393348694},"size":2.5603187084198,"orthographic":false}