{"cameraMode":{"drawMode":0,"name":"Shaded","section":"Shading Mode"},"sceneLighting":true,"audioPlay":false,"sceneViewState":{"showFog":true,"showMaterialUpdate":false,"showSkybox":true,"showFlares":true,"showImageEffects":true,"showParticleSystems":true},"in2DMode":false,"pivot":{"x":17.490501403808595,"y":55.826759338378909,"z":-313.30633544921877},"rotation":{"x":-0.07482646405696869,"y":-0.20346450805664063,"z":0.015601332299411297,"w":-0.9761078953742981},"size":5.004178047180176,"orthographic":false}