{"cameraMode":{"drawMode":0,"name":"Shaded","section":"Shading Mode"},"sceneLighting":true,"audioPlay":false,"sceneViewState":{"showFog":true,"showMaterialUpdate":false,"showSkybox":true,"showFlares":true,"showImageEffects":true,"showParticleSystems":true},"in2DMode":false,"pivot":{"x":-3.5167384147644045,"y":-3.229874610900879,"z":-0.8806421756744385},"rotation":{"x":-0.09190961718559265,"y":0.03911992534995079,"z":-0.003633658867329359,"w":-0.9950131773948669},"size":14.49073314666748,"orthographic":false}