{"cameraMode":{"drawMode":0,"name":"Shaded","section":"Shading Mode"},"sceneLighting":true,"audioPlay":false,"sceneViewState":{"showFog":true,"showMaterialUpdate":false,"showSkybox":false,"showFlares":true,"showImageEffects":true,"showParticleSystems":true},"in2DMode":false,"pivot":{"x":381.01544189453127,"y":203.5625457763672,"z":-3.568711280822754},"rotation":{"x":-0.014107728376984597,"y":0.015295800752937794,"z":-0.0002388318971497938,"w":-0.9998060464859009},"size":345.20550537109377,"orthographic":false}