{"cameraMode":{"drawMode":0,"name":"Shaded","section":"Shading Mode"},"sceneLighting":true,"audioPlay":false,"sceneViewState":{"showFog":true,"showMaterialUpdate":false,"showSkybox":true,"showFlares":true,"showImageEffects":true,"showParticleSystems":true},"in2DMode":false,"pivot":{"x":-8.35030746459961,"y":-5.760068893432617,"z":0.26226091384887698},"rotation":{"x":-0.015004956163465977,"y":-0.022498372942209245,"z":0.00034268153831362724,"w":-0.9996508955955505},"size":8.00729751586914,"orthographic":false}