{"cameraMode":{"drawMode":0,"name":"Shaded","section":"Shading Mode"},"sceneLighting":false,"audioPlay":false,"sceneViewState":{"showFog":true,"showMaterialUpdate":false,"showSkybox":false,"showFlares":true,"showImageEffects":true,"showParticleSystems":true},"in2DMode":false,"pivot":{"x":-151.8749542236328,"y":-219.48873901367188,"z":-49.77842330932617},"rotation":{"x":0.09734120965003967,"y":-0.01732134446501732,"z":0.0016918462933972478,"w":0.9951099753379822},"size":2.8578836917877199,"orthographic":false}